{
    "shape": [
        18062,
        8
    ],
    "missing": {
        "Weight_Kg": 5409,
        "CCW_cm": 27,
        "CCL_cm": 24,
        "CaptureSite": 0,
        "ForagingGround": 0,
        "Species": 0,
        "CaptureSiteCategory": 0,
        "CalendarWeek": 0
    },
    "numeric_summary": {
        "CCL_cm": {
            "count": 18038.0,
            "mean": 43.09039028717153,
            "std": 11.00425118135429,
            "min": 2.0,
            "25%": 36.33,
            "50%": 41.3,
            "75%": 47.0,
            "max": 122.75
        },
        "CCW_cm": {
            "count": 18035.0,
            "mean": 40.253904075408926,
            "std": 9.933057844940796,
            "min": 2.0,
            "25%": 34.0,
            "50%": 39.3,
            "75%": 44.1,
            "max": 106.0
        },
        "Weight_Kg": {
            "count": 12653.0,
            "mean": 9.850731051924445,
            "std": 9.737378200466464,
            "min": 0.02,
            "25%": 5.0,
            "50%": 7.5,
            "75%": 10.8,
            "max": 140.0
        },
        "CalendarWeek": {
            "count": 18062.0,
            "mean": 27.64084818956926,
            "std": 15.75143487725536,
            "min": 0.0,
            "25%": 13.0,
            "50%": 29.0,
            "75%": 42.0,
            "max": 52.0
        }
    }
}